"Team","G","PA","HR","R","RBI","SB","BB%","K%","ISO","BABIP","AVG","OBP","SLG","wOBA","wRC+","EV","BsR","Off","Def","WAR","Age","G","AB","PA","H","1B","2B","3B","HR","R","RBI","BB","IBB","SO","HBP","SF","SH","GDP","SB","CS","AVG","GB","FB","LD","IFFB","Pitches","Balls","Strikes","IFH","BU","BUH","BB%","K%","BB/K","OBP","SLG","OPS","ISO","BABIP","GB/FB","LD%","GB%","FB%","IFFB%","HR/FB","IFH%","BUH%","wOBA","wRAA","wRC","Bat","Fld","Rep","Pos","RAR","WAR","Dol","Spd","wRC+","WPA","-WPA","+WPA","RE24","REW","pLI","phLI","PH","WPA/LI","Clutch","FB%","FBv","SL%","SLv","CT%","CTv","CB%","CBv","CH%","CHv","SF%","SFv","KN%","KNv","XX%","PO%","wFB","wSL","wCT","wCB","wCH","wSF","wKN","wFB/C","wSL/C","wCT/C","wCB/C","wCH/C","wSF/C","wKN/C","O-Swing%","Z-Swing%","Swing%","O-Contact%","Z-Contact%","Contact%","Zone%","F-Strike%","SwStr%","BsR","FA% (pfx)","FT% (pfx)","FC% (pfx)","FS% (pfx)","FO% (pfx)","SI% (pfx)","SL% (pfx)","CU% (pfx)","KC% (pfx)","EP% (pfx)","CH% (pfx)","SC% (pfx)","KN% (pfx)","UN% (pfx)","vFA (pfx)","vFT (pfx)","vFC (pfx)","vFS (pfx)","vFO (pfx)","vSI (pfx)","vSL (pfx)","vCU (pfx)","vKC (pfx)","vEP (pfx)","vCH (pfx)","vSC (pfx)","vKN (pfx)","FA-X (pfx)","FT-X (pfx)","FC-X (pfx)","FS-X (pfx)","FO-X (pfx)","SI-X (pfx)","SL-X (pfx)","CU-X (pfx)","KC-X (pfx)","EP-X (pfx)","CH-X (pfx)","SC-X (pfx)","KN-X (pfx)","FA-Z (pfx)","FT-Z (pfx)","FC-Z (pfx)","FS-Z (pfx)","FO-Z (pfx)","SI-Z (pfx)","SL-Z (pfx)","CU-Z (pfx)","KC-Z (pfx)","EP-Z (pfx)","CH-Z (pfx)","SC-Z (pfx)","KN-Z (pfx)","wFA (pfx)","wFT (pfx)","wFC (pfx)","wFS (pfx)","wFO (pfx)","wSI (pfx)","wSL (pfx)","wCU (pfx)","wKC (pfx)","wEP (pfx)","wCH (pfx)","wSC (pfx)","wKN (pfx)","wFA/C (pfx)","wFT/C (pfx)","wFC/C (pfx)","wFS/C (pfx)","wFO/C (pfx)","wSI/C (pfx)","wSL/C (pfx)","wCU/C (pfx)","wKC/C (pfx)","wEP/C (pfx)","wCH/C (pfx)","wSC/C (pfx)","wKN/C (pfx)","O-Swing% (pfx)","Z-Swing% (pfx)","Swing% (pfx)","O-Contact% (pfx)","Z-Contact% (pfx)","Contact% (pfx)","Zone% (pfx)","Pace","Def","wSB","UBR","Age Rng","Off","Lg","wGDP","Pull%","Cent%","Oppo%","Soft%","Med%","Hard%","TTO%","CH% (pi)","CS% (pi)","CU% (pi)","FA% (pi)","FC% (pi)","FS% (pi)","KN% (pi)","SB% (pi)","SI% (pi)","SL% (pi)","XX% (pi)","vCH (pi)","vCS (pi)","vCU (pi)","vFA (pi)","vFC (pi)","vFS (pi)","vKN (pi)","vSB (pi)","vSI (pi)","vSL (pi)","vXX (pi)","CH-X (pi)","CS-X (pi)","CU-X (pi)","FA-X (pi)","FC-X (pi)","FS-X (pi)","KN-X (pi)","SB-X (pi)","SI-X (pi)","SL-X (pi)","XX-X (pi)","CH-Z (pi)","CS-Z (pi)","CU-Z (pi)","FA-Z (pi)","FC-Z (pi)","FS-Z (pi)","KN-Z (pi)","SB-Z (pi)","SI-Z (pi)","SL-Z (pi)","XX-Z (pi)","wCH (pi)","wCS (pi)","wCU (pi)","wFA (pi)","wFC (pi)","wFS (pi)","wKN (pi)","wSB (pi)","wSI (pi)","wSL (pi)","wXX (pi)","wCH/C (pi)","wCS/C (pi)","wCU/C (pi)","wFA/C (pi)","wFC/C (pi)","wFS/C (pi)","wKN/C (pi)","wSB/C (pi)","wSI/C (pi)","wSL/C (pi)","wXX/C (pi)","O-Swing% (pi)","Z-Swing% (pi)","Swing% (pi)","O-Contact% (pi)","Z-Contact% (pi)","Contact% (pi)","Zone% (pi)","Pace (pi)","FRM","AVG+","BB%+","K%+","OBP+","SLG+","ISO+","BABIP+","LD+%","GB%+","FB%+","HR/FB%+","Pull%+","Cent%+","Oppo%+","Soft%+","Med%+","Hard%+","EV","LA","Barrels","Barrel%","maxEV","HardHit","HardHit%","Events"
"Yankees","752","2165","90","311","302","28","10.1%","23.2%",".211",".302",".259",".338",".470",".346","119","90.0","7.3","56.7","-1.9","13.0","27","752","1902","2165","492","278","116","8","90","311","302","219","8","503","19","20","5","28","28","6",".259","598","534","278","60","8744","3347","5397","51","14","3","10.1%","23.2%","0.44",".338",".470",".808",".211",".302","1.12","19.7%","42.4%","37.9%","11.2%","16.9%","8.5%","21.4%",".346","54.6","308","49.5","3.4","64.8","-5.3","126.5","13.0","$104.2","4.8","119","7.26","-34.51","41.77","57.66","5.67","0.96","2.05","16","5.55","2.00","52.7%","92.5","18.3%","83.9","5.9%","87.5","10.2%","79.2","11.5%","83.5","1.3%","83.3","","","0.3%","","53.9","0.1","-1.1","10.8","2.7","-3.0","","1.17","0.01","-0.21","1.21","0.26","-2.54","","29.4%","66.2%","44.6%","58.5%","84.8%","74.6%","41.3%","58.9%","11.3%","7.3","32.2%","14.2%","5.3%","1.8%","0.0%","6.5%","17.4%","9.0%","2.4%","","11.1%","","","","92.8","92.2","87.6","83.6","86.9","91.2","84.4","78.3","81.3","","83.4","","","-2.4","-4.3","0.4","-6.9","-9.2","-1.6","1.8","2.5","2.5","","-2.1","","","9.7","6.0","4.6","2.5","4.2","4.6","1.1","-5.2","-7.2","","4.4","","","23.8","21.6","-5.7","-2.3","-0.2","2.8","-4.5","13.3","1.0","","3.9","","","0.85","1.74","-1.24","-1.47","-22.07","0.49","-0.30","1.69","0.46","","0.40","","","24.6%","65.9%","44.6%","52.0%","83.6%","74.7%","48.6%","24.6","-1.9","1.9","3.8","21 - 37","56.7","6.9","1.6","42.6%","32.8%","24.6%","18.8%","43.8%","37.4%","37.5%","10.8%","","11.1%","32.9%","5.9%","1.9%","","","20.0%","17.5%","0.0%","83.9","","79.4","93.4","88.2","84.1","","","92.4","84.6","71.4","-2.0","","3.4","-2.1","0.7","-6.5","","","-3.3","2.5","2.5","3.6","","-6.6","9.2","4.1","1.6","","","5.0","0.4","15.2","-0.7","","9.1","27.1","-4.2","-3.0","","","25.5","2.3","-0.1","-0.08","","0.95","0.96","-0.82","-1.87","","","1.48","0.15","-3.92","25.9%","63.4%","44.6%","51.5%","84.1%","74.6%","50.1%","25.1","2.6","104","122","107","106","113","127","103","93","100","104","132","104","96","99","107","93","105","90.0","13.0","137","9.6%","119.9","571","40.1%","1424"
"Red Sox","824","2330","88","320","305","45","8.0%","20.2%",".201",".302",".266",".329",".467",".340","111","90.5","-4.1","25.9","10.7","11.7","28","824","2103","2330","560","325","136","11","88","320","305","186","8","470","21","18","2","41","45","10",".266","709","608","330","61","9096","3305","5791","55","5","1","8.0%","20.2%","0.40",".329",".467",".796",".201",".302","1.17","20.0%","43.0%","36.9%","10.0%","14.5%","7.8%","20.0%",".340","48.6","321","29.9","17.3","69.7","-6.5","113.7","11.7","$93.7","5.2","111","4.67","-38.76","43.43","39.46","3.76","0.96","1.35","22","3.03","1.83","53.5%","92.9","18.0%","84.0","5.0%","88.8","8.2%","79.2","13.1%","84.0","2.2%","84.7","","","0.3%","","24.9","1.9","7.5","6.0","14.3","2.5","","0.51","0.12","1.66","0.81","1.20","1.26","","31.0%","69.4%","47.2%","65.7%","86.9%","78.8%","42.1%","60.0%","10.0%","-4.1","36.5%","7.9%","5.5%","3.0%","0.0%","8.9%","17.5%","6.8%","1.7%","","12.1%","","","","93.2","92.7","88.5","84.2","87.1","91.6","84.0","78.5","82.4","","83.9","","","-2.7","-7.2","0.6","-3.9","-8.5","-3.5","2.2","2.1","3.9","","-3.5","","","9.9","6.7","5.0","2.6","6.6","4.7","0.8","-5.6","-6.5","","4.4","","","14.6","8.9","6.7","6.5","0.1","4.1","-2.4","5.3","1.1","","5.3","","","0.44","1.24","1.34","2.43","4.31","0.50","-0.15","0.85","0.67","","0.49","","","26.1%","67.1%","47.2%","60.5%","85.4%","78.7%","51.3%","24.7","10.7","3.7","-4.9","21 - 34","25.9","7.4","-2.8","41.1%","32.1%","26.8%","16.5%","49.0%","34.4%","31.9%","11.9%","","8.3%","37.8%","5.0%","3.2%","","","15.5%","18.3%","0.0%","84.6","","79.9","93.8","89.2","84.5","","","92.7","84.7","78.7","-3.0","","3.2","-1.9","1.1","-3.1","","","-5.7","2.7","-10.6","3.8","","-6.9","9.4","4.8","1.8","","","5.2","0.3","-0.4","4.7","","1.4","19.8","6.3","9.3","","","5.4","1.6","0.0","0.44","","0.18","0.58","1.41","3.20","","","0.38","0.10","-3.92","27.3%","66.4%","47.2%","60.0%","86.1%","78.7%","50.9%","25.3","9.4","107","96","93","103","112","120","103","94","102","101","114","100","94","108","94","104","97","90.5","12.7","148","9.0%","117.5","680","41.1%","1653"
"Cubs","837","2288","63","293","278","24","9.8%","20.8%",".168",".318",".266",".347",".434",".336","110","88.7","1.6","27.8","15.1","11.8","28","837","2002","2288","532","341","109","19","63","293","278","225","26","475","31","12","17","31","24","11",".266","642","545","337","62","8715","3195","5520","48","32","4","9.8%","20.8%","0.47",".347",".434",".781",".168",".318","1.18","22.1%","42.1%","35.8%","11.4%","11.6%","7.5%","12.5%",".336","39.2","307","26.2","-0.2","68.5","15.4","115.1","11.8","$94.8","4.7","110","-0.10","-40.20","40.10","45.95","4.67","1.01","1.26","88","4.36","-4.46","55.3%","92.9","15.7%","84.4","7.2%","88.4","10.2%","78.0","10.1%","84.5","1.4%","86.0","","","1.1%","","41.8","-6.9","0.5","5.3","-3.6","2.4","","0.87","-0.50","0.09","0.60","-0.41","2.00","","30.6%","68.5%","46.8%","61.6%","86.0%","76.9%","42.7%","60.1%","10.8%","1.6","37.7%","10.4%","6.8%","1.4%","0.2%","7.1%","16.1%","8.4%","1.8%","0.1%","9.9%","0.0%","","","93.0","92.9","88.5","85.6","86.3","92.4","84.6","77.4","79.7","64.5","84.5","78.7","","-2.2","-6.9","0.5","-4.2","-8.1","-3.1","1.1","2.0","3.1","9.0","-2.3","9.4","","9.0","6.2","4.7","4.0","5.8","4.4","1.2","-5.5","-6.1","-8.7","4.7","6.8","","23.2","12.0","1.5","0.1","-0.8","2.9","-12.0","5.2","0.2","0.2","-0.6","0.0","","0.71","1.33","0.26","0.12","-4.74","0.46","-0.86","0.71","0.13","3.14","-0.07","4.96","","26.9%","65.5%","46.8%","56.7%","84.4%","76.7%","51.5%","23.1","15.1","-1.1","0.8","23 - 37","27.8","3.7","1.9","41.1%","34.8%","24.1%","19.9%","47.2%","32.8%","33.3%","10.2%","0.0%","9.7%","39.0%","6.9%","1.3%","0.0%","","16.0%","16.9%","0.0%","85.2","65.5","78.6","93.6","88.8","85.6","95.8","","93.3","85.0","74.8","-2.0","9.8","2.9","-1.5","1.0","-3.4","-8.6","","-5.6","1.8","2.7","4.1","-10.9","-6.5","8.7","4.5","3.3","8.2","","4.9","0.6","26.6","-1.3","-0.3","2.9","26.9","-4.2","0.6","0.9","","11.1","-6.3","-0.2","-0.15","-12.59","0.34","0.80","-0.71","0.54","86.68","","0.80","-0.43","-9.01","27.3%","65.4%","46.8%","55.4%","85.0%","76.6%","51.3%","23.7","-8.0","105","110","96","106","104","103","106","101","97","102","90","102","100","96","111","102","91","88.7","12.8","97","6.2%","117.1","563","36.2%","1557"
"Indians","834","2266","88","291","280","33","8.3%","21.4%",".190",".291",".254",".323",".444",".330","104","90.1","4.1","14.9","11.1","10.4","30","834","2034","2266","517","311","113","5","88","291","280","189","8","485","23","11","8","34","33","12",".254","629","590","325","46","9006","3305","5701","36","24","6","8.3%","21.4%","0.39",".323",".444",".767",".190",".291","1.07","21.0%","40.7%","38.2%","7.8%","14.9%","5.7%","25.0%",".330","28.5","293","10.8","15.1","67.8","-4.0","101.0","10.4","$83.1","4.1","104","-0.65","-39.14","38.49","14.16","1.20","0.96","1.10","33","1.38","-2.06","53.6%","92.6","16.3%","83.9","6.4%","88.1","12.2%","79.5","10.5%","83.8","1.0%","84.8","","","0.3%","","26.8","5.0","1.6","0.2","-6.3","2.4","","0.55","0.34","0.28","0.02","-0.66","2.65","","30.3%","67.2%","46.2%","64.4%","88.3%","79.4%","43.0%","59.3%","9.5%","4.1","34.4%","13.5%","6.4%","1.5%","","5.8%","16.5%","8.7%","3.2%","","10.0%","0.0%","","","93.1","92.3","87.9","84.0","","90.6","83.9","78.5","82.0","","83.9","78.3","","-1.9","-3.0","0.3","-4.2","","-3.2","1.2","2.4","3.6","","-2.7","9.8","","9.2","6.4","5.2","3.5","","3.7","0.8","-5.9","-5.2","","4.2","2.9","","6.4","11.7","5.6","1.6","","4.5","-0.7","-3.4","2.6","","-2.9","-0.7","","0.21","1.00","1.02","1.22","","0.91","-0.05","-0.46","0.94","","-0.33","-35.97","","26.7%","65.0%","46.2%","59.9%","87.0%","79.4%","51.0%","22.3","11.1","0.5","-0.1","23 - 38","14.9","7.2","3.7","39.3%","36.0%","24.7%","15.4%","46.0%","38.6%","33.6%","10.0%","0.0%","12.0%","35.2%","6.5%","1.8%","","","18.4%","16.1%","0.0%","84.6","72.4","80.2","93.7","88.5","84.1","","","92.3","84.4","88.7","-2.4","9.3","3.1","-1.5","0.6","-3.7","","","-2.8","1.6","-0.8","3.5","-8.5","-6.6","8.8","5.0","2.6","","","5.1","0.2","5.6","-4.8","0.0","-0.6","10.8","3.5","0.7","","","13.7","0.5","-0.2","-0.55","2.04","-0.05","0.36","0.62","0.46","","","0.86","0.04","-17.80","27.1%","64.5%","46.2%","60.0%","87.2%","79.4%","51.0%","22.8","3.2","102","100","98","101","107","114","99","99","96","105","117","96","106","100","88","98","109","90.1","13.2","122","7.8%","114.5","625","39.8%","1569"
"Braves","860","2324","69","293","278","37","9.0%","20.0%",".164",".302",".260",".331",".423",".324","101","88.5","4.3","5.7","21.8","10.4","28","860","2067","2324","537","346","113","9","69","293","278","209","22","464","18","15","15","39","37","17",".260","690","556","352","45","8718","3175","5543","47","35","9","9.0%","20.0%","0.45",".331",".423",".754",".164",".302","1.24","22.0%","43.2%","34.8%","8.1%","12.4%","6.8%","25.7%",".324","18.1","290","1.4","7.5","69.5","14.3","100.8","10.4","$83.0","4.6","101","2.66","-40.08","42.74","27.66","3.13","0.99","1.19","89","1.64","1.05","58.5%","93.0","14.8%","84.3","3.8%","89.0","10.1%","78.7","10.8%","85.4","1.5%","86.3","0.4%","75.3","1.0%","","0.1","3.7","-1.4","10.3","12.9","1.3","-1.1","0.00","0.28","-0.43","1.16","1.37","0.99","-3.01","29.8%","71.2%","47.9%","68.8%","85.8%","79.8%","43.9%","60.2%","9.7%","4.3","37.8%","10.9%","2.7%","1.0%","0.1%","10.1%","15.4%","6.4%","4.1%","","11.1%","","0.4%","","93.2","92.8","88.8","86.7","86.8","92.0","84.7","78.3","79.1","","85.3","","75.6","-2.4","-5.2","0.7","-6.6","-8.4","-1.3","1.0","1.6","3.9","","-2.6","","0.6","9.0","6.6","4.6","1.4","7.3","4.8","1.5","-4.7","-6.8","","3.9","","0.5","4.2","-5.3","-2.2","1.2","0.0","-4.1","2.4","1.1","7.3","","13.0","","-1.0","0.13","-0.56","-0.94","1.49","0.80","-0.47","0.18","0.20","2.05","","1.34","","-2.64","25.5%","68.7%","47.9%","63.1%","85.5%","79.8%","51.9%","23.2","21.8","-0.9","5.0","20 - 39","5.7","3.8","0.1","40.6%","33.9%","25.5%","16.5%","48.4%","35.0%","31.9%","11.1%","","10.2%","40.8%","3.4%","1.2%","0.4%","","17.8%","15.1%","0.0%","85.8","","79.1","93.7","89.6","86.8","75.8","","93.0","85.1","62.3","-2.4","","2.8","-1.7","0.7","-5.0","1.3","","-4.0","1.6","1.9","3.4","","-6.3","8.7","4.8","1.0","0.4","","5.2","1.0","3.3","13.9","","10.7","2.7","1.1","1.1","-1.2","","-12.1","0.1","-0.1","1.45","","1.20","0.08","0.36","1.03","-3.18","","-0.78","0.01","-3.92","26.3%","68.1%","47.9%","62.9%","85.8%","79.7%","51.8%","23.9","-1.9","102","100","93","101","101","100","101","101","100","100","97","101","98","102","92","105","97","88.5","12.5","85","5.2%","113.9","567","34.7%","1633"
"Astros","847","2337","71","301","289","31","8.9%","22.1%",".162",".304",".256",".327",".417",".324","107","88.3","-0.7","18.8","-1.7","9.7","29","847","2078","2337","531","342","113","5","71","301","289","207","2","516","25","20","6","49","31","12",".256","652","573","347","61","9151","3429","5722","67","16","7","8.9%","22.1%","0.40",".327",".417",".745",".162",".304","1.14","22.1%","41.5%","36.5%","10.6%","12.4%","10.3%","43.8%",".324","16.9","290","19.5","0.6","69.9","-2.3","94.4","9.7","$77.8","4.1","107","0.85","-40.57","41.42","34.18","3.50","0.99","2.15","35","2.74","-1.87","50.2%","92.6","16.8%","84.1","7.3%","88.5","12.6%","79.5","10.9%","83.6","1.6%","85.2","0.6%","75.7","0.0%","","22.4","-4.4","-0.7","3.9","-3.1","-3.0","-1.0","0.49","-0.28","-0.10","0.34","-0.31","-2.08","-2.02","29.3%","62.8%","43.4%","65.1%","86.0%","77.9%","42.2%","58.7%","9.6%","-0.7","32.7%","9.9%","7.1%","2.0%","","7.8%","17.0%","9.0%","3.7%","0.0%","10.1%","0.0%","0.5%","","93.1","91.7","88.2","85.0","","91.0","84.0","79.1","80.2","67.9","83.6","77.5","75.7","-1.8","-4.8","0.5","-3.2","","-2.6","1.3","2.4","1.3","7.6","-0.8","9.2","0.1","9.4","6.4","5.1","3.2","","4.5","0.8","-4.7","-6.3","-9.2","3.7","4.9","0.1","25.4","2.0","-5.3","-5.1","","-3.3","0.5","-3.2","6.2","-0.2","-2.1","0.0","-0.9","0.85","0.22","-0.81","-2.77","","-0.46","0.03","-0.40","1.84","-4.34","-0.23","0.00","-1.75","25.7%","61.3%","43.4%","59.5%","85.7%","77.9%","49.8%","24.6","-1.7","-0.1","2.4","23 - 35","18.8","7.4","-3.0","41.2%","33.8%","25.0%","17.8%","48.9%","33.3%","34.0%","10.2%","0.1%","11.8%","32.2%","7.0%","2.3%","0.5%","","18.1%","17.8%","0.0%","84.1","69.3","79.6","93.6","88.8","84.9","75.7","","92.0","84.5","83.7","0.0","7.9","2.2","-1.1","0.7","-3.6","0.6","","-3.8","2.2","2.3","3.0","-9.3","-6.5","9.0","4.8","1.8","0.4","","5.1","0.1","3.5","-3.1","-0.1","1.3","25.5","-2.2","-2.4","-1.2","","-5.8","-2.3","0.1","-0.34","-1.52","0.12","0.87","-0.35","-1.17","-2.43","","-0.35","-0.14","4.89","26.3%","60.0%","43.4%","59.7%","85.6%","77.9%","50.8%","25.3","4.9","102","107","101","103","100","97","103","104","98","100","97","100","99","101","101","104","94","88.3","12.6","99","6.2%","114.7","563","35.4%","1589"
"Angels","893","2302","79","274","264","33","8.9%","20.1%",".172",".280",".247",".320",".419",".320","104","89.0","1.5","11.7","10.7","10.1","29","893","2055","2302","507","321","97","10","79","274","264","204","8","462","25","15","3","54","33","5",".247","651","612","338","84","9098","3357","5741","39","10","3","8.9%","20.1%","0.44",".320",".419",".739",".172",".280","1.06","21.1%","40.7%","38.2%","13.7%","12.9%","6.0%","30.0%",".320","9.6","279","10.2","16.6","68.9","-5.9","98.6","10.1","$81.2","4.7","104","0.67","-35.76","36.43","7.11","0.64","0.89","1.54","33","2.87","-2.12","54.3%","92.6","18.9%","84.0","6.8%","88.2","9.4%","79.0","9.8%","83.8","0.8%","85.6","","","0.3%","","12.3","-15.4","1.5","9.9","-5.7","0.6","","0.25","-0.90","0.23","1.16","-0.64","0.84","","29.2%","64.7%","44.6%","63.9%","86.8%","78.4%","43.4%","60.1%","9.7%","1.5","34.1%","10.7%","6.1%","1.0%","","9.9%","18.7%","7.3%","2.5%","","9.7%","","","","93.1","92.2","87.9","86.1","","91.2","84.2","78.2","80.5","","83.7","","","-2.7","-5.3","0.5","-4.8","","-3.3","2.0","2.8","3.0","","-2.0","","","9.6","6.2","5.6","4.0","","4.8","1.4","-5.0","-4.8","","4.1","","","13.2","-4.8","2.7","0.2","","1.3","-16.8","2.2","5.2","","-5.0","","","0.43","-0.49","0.49","0.26","","0.14","-0.99","0.33","2.29","","-0.57","","","24.3%","63.2%","44.6%","57.8%","85.5%","78.3%","52.1%","24.0","10.7","3.2","-1.5","21 - 38","11.7","7.3","-0.3","43.5%","34.3%","22.2%","18.6%","43.9%","37.4%","32.4%","9.2%","","10.0%","34.2%","6.7%","1.4%","","","20.0%","18.5%","0.1%","84.3","","79.4","93.7","88.8","84.9","","","92.3","84.8","94.4","-1.6","","3.2","-1.8","0.4","-4.0","","","-4.9","2.7","-15.1","3.4","","-5.9","9.1","5.6","2.7","","","4.9","0.7","18.3","-5.7","","10.9","12.1","-1.1","0.3","","","-2.5","-18.9","-0.4","-0.69","","1.20","0.39","-0.19","0.26","","","-0.14","-1.13","-6.54","25.5%","61.2%","44.6%","57.6%","85.8%","78.3%","53.4%","24.6","4.6","99","107","92","100","101","103","95","99","96","105","101","106","100","90","106","94","106","89.0","14.1","121","7.5%","118.0","624","38.7%","1611"
"Pirates","838","2254","64","271","261","21","8.3%","19.6%",".166",".292",".254",".322",".420",".318","100","88.4","-4.1","-5.0","9.2","7.7","27","838","2008","2254","510","325","101","20","64","271","261","188","16","442","24","23","10","32","21","12",".254","646","610","321","64","8735","3172","5563","44","22","5","8.3%","19.6%","0.43",".322",".420",".742",".166",".292","1.06","20.4%","41.0%","38.7%","10.5%","10.5%","6.8%","22.7%",".318","7.0","270","-0.9","-4.0","67.4","13.2","75.3","7.7","$62.0","4.8","100","2.31","-38.14","40.45","22.17","2.37","0.98","1.16","94","1.35","1.00","55.9%","92.8","17.5%","84.2","5.2%","88.2","9.6%","78.3","10.3%","84.4","1.5%","85.8","","","0.6%","","11.5","-2.0","0.3","3.0","1.4","-3.4","","0.24","-0.13","0.06","0.36","0.15","-2.63","","30.7%","68.5%","47.2%","63.9%","86.3%","78.1%","43.5%","59.8%","10.3%","-4.1","35.6%","13.1%","4.1%","1.5%","0.0%","7.4%","18.7%","6.8%","2.3%","","10.4%","0.0%","","","92.8","92.8","88.6","85.6","85.5","92.2","84.2","78.0","78.3","","84.4","78.3","","-2.6","-6.1","0.7","-7.3","-9.3","-5.4","1.2","2.3","4.1","","-4.0","10.0","","9.0","6.3","4.7","4.1","5.4","4.7","1.7","-5.8","-5.7","","4.2","1.5","","3.8","2.1","-2.1","-0.5","-0.4","0.1","0.9","4.2","-1.8","","0.8","-0.7","","0.12","0.19","-0.59","-0.41","-9.73","0.01","0.05","0.71","-0.90","","0.09","-71.94","","26.7%","66.3%","47.2%","60.0%","84.8%","78.0%","51.8%","23.2","9.2","-2.0","-1.6","23 - 35","-5.0","3.7","-0.5","38.1%","34.7%","27.2%","19.3%","50.7%","30.0%","30.8%","10.2%","","9.4%","36.0%","5.4%","1.5%","","","19.9%","17.4%","0.0%","85.2","","78.8","93.7","88.8","86.3","","","93.3","85.0","95.8","-3.6","","3.3","-1.9","1.5","-6.5","","","-5.7","1.8","-13.3","3.4","","-6.5","8.6","4.1","2.9","","","5.0","0.8","80.5","-0.1","","1.1","4.3","-0.5","-1.7","","","2.6","-1.0","0.0","-0.02","","0.14","0.13","-0.11","-1.28","","","0.15","-0.06","-3.92","27.1%","65.4%","47.1%","59.2%","85.1%","78.0%","52.1%","23.9","-3.8","100","93","91","98","101","102","97","93","95","111","82","95","100","109","108","110","84","88.4","14.5","102","6.4%","115.6","552","34.5%","1600"
"Mariners","846","2244","63","255","245","42","7.3%","20.3%",".155",".301",".257",".322",".412",".318","104","89.4","0.3","10.5","-2.6","8.5","30","846","2010","2244","517","340","105","9","63","255","245","164","7","455","35","15","18","44","42","12",".257","696","538","321","49","8487","3081","5406","47","33","5","7.3%","20.3%","0.36",".322",".412",".734",".155",".301","1.29","20.6%","44.8%","34.6%","9.1%","11.7%","6.8%","15.2%",".318","6.6","269","10.2","2.2","67.1","-4.9","82.1","8.5","$67.6","4.8","104","2.68","-40.70","43.39","-1.17","-0.30","1.05","1.79","26","0.41","2.15","56.9%","92.2","16.9%","83.5","5.4%","87.3","10.5%","79.5","9.7%","83.3","0.6%","86.4","","","0.4%","","2.3","2.5","0.7","-10.0","6.7","1.7","","0.05","0.17","0.14","-1.12","0.81","3.44","","30.8%","67.3%","46.5%","61.6%","88.4%","78.3%","43.0%","60.0%","10.1%","0.3","35.2%","13.0%","5.0%","0.9%","","8.6%","17.4%","8.1%","2.7%","0.1%","9.1%","0.0%","","","92.6","91.7","87.3","85.1","","91.2","83.8","78.5","81.5","68.6","83.5","77.9","","-1.8","-4.1","0.6","-6.4","","-2.9","1.4","2.0","1.3","6.7","-2.0","9.3","","9.5","5.7","4.6","3.3","","4.4","0.9","-4.3","-4.8","-8.1","3.4","4.0","","9.1","-12.7","3.0","1.6","","1.6","-1.0","-7.3","-3.1","-0.1","6.5","0.0","","0.31","-1.15","0.72","2.06","","0.22","-0.07","-1.06","-1.36","-1.21","0.84","1.32","","26.9%","65.0%","46.5%","55.0%","87.5%","78.4%","51.4%","23.6","-2.6","2.2","-0.7","24 - 44","10.5","7.1","-1.2","42.4%","33.2%","24.4%","16.8%","50.2%","33.0%","30.4%","8.9%","0.1%","10.4%","35.5%","5.3%","1.4%","","","21.2%","17.0%","0.0%","84.1","69.2","79.7","93.4","87.9","84.2","","","92.0","84.5","90.3","-1.5","8.2","2.2","-1.0","1.3","-2.2","","","-3.6","2.1","-2.2","2.6","-9.3","-5.6","9.0","4.2","1.9","","","4.7","0.2","35.3","6.4","-0.1","-6.6","8.7","5.1","-0.3","","","-15.2","-6.8","0.2","0.84","-1.21","-0.74","0.29","1.11","-0.29","","","-0.84","-0.47","5.51","28.4%","63.9%","46.6%","56.9%","87.4%","78.4%","51.3%","24.3","2.3","103","88","93","101","99","93","102","97","106","95","92","103","97","99","96","107","93","89.4","11.4","105","6.6%","116.9","603","37.9%","1590"
"Rays","817","2235","56","238","222","35","8.5%","22.3%",".138",".315",".257",".329",".396",".317","103","88.1","-5.3","2.0","-11.3","6.7","28","817","1993","2235","513","361","84","12","56","238","222","190","2","498","29","14","8","56","35","16",".257","675","503","317","48","8481","3069","5412","46","22","8","8.5%","22.3%","0.38",".329",".396",".725",".138",".315","1.34","21.2%","45.2%","33.6%","9.5%","11.1%","6.8%","36.4%",".317","4.6","266","7.4","-3.3","66.9","-8.0","64.7","6.7","$53.3","4.5","103","-4.71","-41.93","37.23","-24.84","-2.59","1.01","1.87","34","-0.90","-3.77","54.3%","92.4","16.2%","83.6","5.3%","88.1","9.7%","78.4","12.1%","84.0","2.1%","84.0","0.2%","75.1","0.1%","","18.8","-19.9","-10.4","5.2","4.5","-3.0","-0.4","0.41","-1.45","-2.32","0.64","0.44","-1.67","-2.64","32.3%","67.4%","47.0%","65.9%","85.9%","77.9%","41.8%","61.0%","10.4%","-5.3","36.1%","12.0%","5.0%","1.8%","","6.1%","16.4%","7.2%","2.8%","0.0%","12.4%","","0.2%","","92.7","92.1","88.1","84.3","","91.2","83.9","77.3","80.6","67.6","83.9","","75.5","-2.0","-3.3","0.4","-6.4","","-3.6","1.5","1.2","2.0","8.2","-1.1","","0.0","9.6","6.4","4.9","3.0","","4.2","1.0","-5.3","-5.9","-8.2","3.9","","-1.2","10.5","10.8","-11.1","-1.0","","-4.4","-17.1","-3.5","4.3","-0.3","-1.1","","-0.6","0.34","1.06","-2.60","-0.65","","-0.85","-1.24","-0.57","1.85","-16.73","-0.11","","-3.81","28.2%","65.3%","47.0%","60.2%","85.2%","77.8%","50.8%","23.7","-11.3","-0.9","-2.4","22 - 35","2.0","7.1","-2.0","35.9%","35.3%","28.9%","17.6%","47.9%","34.5%","33.3%","11.7%","0.0%","9.9%","35.9%","4.9%","2.3%","0.2%","","18.5%","16.5%","0.0%","84.6","68.2","78.9","93.6","88.6","85.1","75.8","","92.5","84.6","87.8","-0.7","9.6","1.8","-1.5","0.7","-5.6","0.3","","-3.1","2.1","8.5","3.4","-9.6","-6.4","9.2","4.5","1.6","-2.2","","5.3","0.4","5.5","1.6","-0.3","-1.4","11.0","-8.7","-2.2","-0.5","","3.5","-17.0","0.0","0.17","-16.73","-0.17","0.36","-2.08","-1.10","-3.31","","0.23","-1.22","-1.33","28.7%","64.2%","47.0%","58.7%","85.7%","77.7%","51.6%","24.5","-2.8","103","102","102","103","95","83","107","100","107","92","87","87","103","117","100","102","97","88.1","10.5","72","4.7%","113.2","521","34.3%","1518"
"Giants","874","2252","59","242","232","24","7.6%","24.6%",".149",".329",".262",".321",".410",".316","100","88.4","-2.7","-2.6","-0.5","7.0","29","874","2037","2252","533","360","102","12","59","242","232","172","10","553","14","16","13","43","24","12",".262","636","492","351","39","8808","3159","5649","50","34","10","7.6%","24.6%","0.31",".321",".410",".732",".149",".329","1.29","23.7%","43.0%","33.3%","7.9%","12.0%","7.9%","29.4%",".316","2.4","266","0.1","-13.6","67.4","13.1","67.9","7.0","$56.0","4.2","100","0.96","-37.43","38.39","-4.47","-0.43","0.97","1.20","99","0.08","0.91","56.8%","92.6","16.4%","84.3","5.4%","89.2","10.9%","78.8","9.4%","84.1","1.2%","84.4","","","0.4%","","-2.6","-8.6","7.6","0.2","1.0","-0.5","","-0.05","-0.60","1.59","0.02","0.12","-0.52","","29.8%","67.9%","46.6%","61.1%","84.2%","76.0%","44.3%","62.3%","11.2%","-2.7","37.5%","10.5%","5.1%","1.2%","","8.4%","16.4%","7.4%","4.1%","0.0%","9.4%","","","","92.9","92.3","89.9","84.1","","91.5","84.5","77.4","81.3","66.8","84.1","","","-1.5","-1.0","0.9","-4.7","","-2.6","0.6","1.2","2.6","7.3","-0.9","","","9.0","6.2","5.2","1.0","","5.4","1.1","-5.5","-5.0","-4.6","3.9","","","-6.9","-5.8","8.8","-1.3","","4.1","-7.3","4.1","-6.6","0.1","2.1","","","-0.21","-0.63","1.97","-1.25","","0.56","-0.51","0.64","-1.84","3.13","0.26","","","25.4%","66.0%","46.6%","52.4%","84.2%","75.9%","52.3%","23.5","-0.5","-1.4","-1.2","25 - 35","-2.6","3.7","-0.1","37.9%","34.7%","27.4%","16.9%","45.7%","37.4%","34.8%","9.3%","0.0%","10.5%","38.4%","6.1%","1.3%","","","17.8%","16.6%","0.1%","84.9","67.1","79.0","93.7","89.8","84.8","","","92.6","85.1","85.9","-0.7","8.1","2.3","-0.8","1.2","-3.9","","","-1.5","1.2","-10.7","3.3","-5.8","-6.5","8.7","4.8","0.4","","","5.2","0.4","-5.8","1.4","0.1","0.1","-2.6","6.7","-1.4","","","-6.1","-7.8","0.8","0.17","3.13","0.01","-0.08","1.25","-1.29","","","-0.39","-0.53","13.89","25.9%","64.8%","46.7%","55.1%","83.2%","75.9%","53.3%","24.1","-2.6","103","85","114","98","98","91","109","109","99","95","94","94","100","109","94","99","104","88.4","12.0","95","6.3%","114.2","532","35.2%","1513"
"Tigers","851","2235","51","256","246","29","6.9%","20.2%",".155",".307",".258",".316",".414",".314","96","88.8","3.9","-5.9","4.4","7.5","28","851","2041","2235","527","328","132","16","51","256","246","155","10","451","23","14","2","40","29","12",".258","654","579","360","63","8532","3000","5532","48","13","6","6.9%","20.2%","0.34",".316",".414",".729",".155",".307","1.13","22.6%","41.1%","36.3%","10.9%","8.8%","7.3%","46.2%",".314","-0.9","260","-9.8","9.3","66.9","-4.9","72.4","7.5","$59.6","4.7","96","-1.01","-41.40","40.39","-12.47","-1.17","1.01","1.68","21","-2.17","1.18","56.5%","92.5","15.8%","83.9","4.0%","87.0","11.3%","79.2","11.3%","83.7","1.2%","83.3","","","0.4%","","-6.7","-12.1","3.0","9.6","9.5","-0.5","","-0.14","-0.90","0.89","1.00","0.98","-0.54","","33.3%","69.1%","48.9%","63.3%","87.2%","78.0%","43.5%","60.0%","10.8%","3.9","37.3%","11.3%","3.9%","1.5%","","7.7%","15.8%","8.5%","3.2%","0.1%","10.7%","0.1%","","","92.9","92.0","87.0","82.9","","91.5","84.0","78.8","79.8","66.5","83.9","77.7","","-2.5","-5.9","1.0","-5.1","","-2.4","2.0","2.5","1.8","8.6","-1.4","9.1","","9.4","6.6","4.9","2.8","","5.5","0.9","-4.4","-6.2","-8.1","4.4","3.3","","2.0","-2.7","2.0","2.4","","-8.1","-14.2","12.2","0.8","-0.5","7.4","-0.4","","0.06","-0.28","0.62","1.88","","-1.24","-1.06","1.70","0.28","-9.70","0.81","-4.56","","29.0%","67.4%","48.9%","59.0%","85.5%","77.9%","52.0%","23.7","4.4","-0.3","3.3","23 - 39","-5.9","7.1","0.9","42.9%","32.7%","24.4%","16.8%","45.3%","37.9%","29.4%","10.6%","0.0%","11.5%","37.7%","4.3%","1.8%","","","18.5%","15.4%","0.0%","84.5","67.0","80.0","93.7","87.8","83.2","","","92.4","84.5","87.4","-0.8","9.4","2.4","-1.8","1.5","-3.2","","","-4.5","3.0","25.9","3.7","-8.6","-5.9","8.9","4.5","1.7","","","5.6","0.3","34.9","8.4","-0.5","15.5","-1.5","0.4","0.8","","","-8.3","-15.5","0.0","0.93","-12.64","1.58","-0.05","0.10","0.53","","","-0.52","-1.18","0.78","29.9%","66.3%","48.9%","58.7%","85.8%","77.9%","52.2%","24.3","-2.9","103","84","93","99","99","93","104","106","97","100","69","104","96","98","96","97","107","88.8","13.5","106","6.6%","114.4","595","37.0%","1606"
"Dodgers","924","2290","65","273","257","17","9.4%","21.7%",".166",".286",".241",".319",".407",".314","99","89.2","2.7","-1.6","15.0","8.8","29","924","2016","2290","486","296","110","15","65","273","257","216","14","498","24","20","14","44","17","8",".241","639","573","315","62","9263","3490","5773","43","25","2","9.4%","21.7%","0.43",".319",".407",".726",".166",".286","1.12","20.6%","41.8%","37.5%","10.8%","11.3%","6.7%","8.0%",".314","-1.7","266","-4.3","-0.4","68.5","15.3","85.6","8.8","$70.5","4.2","99","-0.07","-40.43","40.35","25.39","2.49","1.04","1.36","137","2.07","-2.15","56.7%","92.0","12.7%","83.0","5.6%","88.6","11.5%","78.5","12.6%","83.9","0.9%","85.2","","","0.5%","","-12.4","8.1","5.6","-6.7","-1.2","3.7","","-0.24","0.69","1.08","-0.64","-0.10","4.29","","25.8%","64.6%","43.1%","64.2%","84.3%","77.6%","44.7%","62.0%","9.6%","2.7","38.8%","5.7%","4.9%","1.7%","0.1%","11.9%","13.2%","7.7%","4.0%","0.0%","12.1%","","","","92.4","91.8","89.1","85.6","86.3","90.8","83.2","77.4","80.5","66.8","83.8","","","-2.3","-2.9","0.2","-3.0","-7.7","-0.4","0.6","3.1","2.3","5.4","-3.2","","","8.8","5.9","5.0","2.9","5.2","4.4","1.0","-4.9","-5.1","-7.6","3.8","","","-6.7","3.5","1.8","3.1","2.1","-8.7","7.1","-1.9","-3.7","-0.5","-4.3","","","-0.20","0.72","0.43","2.06","23.21","-0.84","0.61","-0.28","-1.08","-23.47","-0.41","","","20.9%","62.9%","43.2%","56.6%","83.6%","77.5%","53.0%","23.8","15.0","-1.1","3.8","22 - 39","-1.6","3.7","0.1","40.7%","33.2%","26.0%","18.6%","46.6%","34.9%","34.0%","12.0%","0.0%","11.5%","41.5%","4.7%","1.6%","","","15.1%","13.5%","","84.5","67.3","79.4","93.0","89.7","85.7","","","91.8","83.6","","-2.9","5.9","3.3","-1.1","0.5","-2.6","","","-2.7","1.2","","3.1","-8.5","-5.7","8.4","4.7","1.7","","","3.9","0.3","","-4.3","-0.5","-5.6","-16.9","3.8","5.2","","","0.3","7.3","","-0.42","-23.47","-0.55","-0.46","0.92","3.61","","","0.02","0.62","","22.8%","61.1%","43.2%","58.8%","83.6%","77.5%","53.2%","24.1","7.5","95","105","101","98","98","102","95","94","97","108","89","101","96","104","103","101","97","89.2","13.9","104","6.7%","113.4","525","33.8%","1552"
"Brewers","871","2252","74","254","237","41","9.0%","23.1%",".160",".294",".246",".317",".406",".313","93","89.3","2.9","-16.2","23.0","8.0","28","871","2011","2252","495","324","94","3","74","254","237","202","11","521","13","15","11","52","41","11",".246","684","488","320","49","8852","3281","5571","54","24","4","9.0%","23.1%","0.39",".317",".406",".723",".160",".294","1.40","21.4%","45.8%","32.7%","10.0%","15.2%","7.9%","16.7%",".313","-2.9","260","-19.1","11.0","67.4","12.0","77.8","8.0","$64.1","3.9","93","2.74","-38.98","41.72","-10.63","-1.12","0.99","1.23","78","1.32","1.44","57.4%","92.7","15.3%","84.6","5.8%","88.2","9.4%","77.9","11.1%","84.7","0.9%","86.7","","","0.5%","","8.8","-11.8","-0.5","0.4","0.6","0.4","","0.17","-0.87","-0.09","0.05","0.06","0.50","","30.0%","65.2%","45.2%","62.9%","84.6%","76.4%","43.2%","59.6%","10.6%","2.9","32.6%","13.4%","5.4%","1.0%","0.1%","11.3%","15.8%","7.6%","1.7%","0.2%","11.0%","0.1%","","","92.8","93.0","88.3","86.0","85.8","91.9","84.6","77.6","80.1","66.7","84.8","76.6","","-2.5","-6.2","0.9","-6.2","-8.7","-2.8","1.4","2.3","2.3","7.3","-3.8","8.8","","9.0","6.0","4.2","3.6","4.6","5.0","1.1","-5.4","-4.9","-7.6","3.8","2.9","","8.8","-0.1","-4.0","0.8","0.9","-1.3","-7.1","-5.6","2.9","-0.2","-1.2","-0.2","","0.31","-0.01","-0.83","0.86","11.29","-0.13","-0.51","-0.84","2.00","-1.41","-0.13","-3.90","","25.5%","63.9%","45.2%","56.4%","83.7%","76.3%","51.4%","22.7","23.0","2.4","1.8","22 - 38","-16.2","3.7","-1.4","39.6%","35.2%","25.2%","19.4%","43.5%","37.1%","35.4%","11.3%","0.1%","8.8%","33.0%","5.4%","0.8%","","","24.4%","16.1%","0.1%","85.3","67.9","78.5","93.4","88.6","86.1","","","93.1","84.9","89.4","-3.3","8.0","2.4","-1.9","1.6","-5.0","","","-4.2","2.4","-5.2","3.3","-8.1","-6.3","8.8","4.0","2.4","","","5.1","0.5","-0.3","-0.1","-0.2","0.1","9.3","-1.9","-0.1","","","-4.7","-9.3","0.1","-0.01","-1.47","0.01","0.32","-0.40","-0.10","","","-0.22","-0.66","0.88","26.5%","62.4%","45.2%","55.9%","84.3%","76.3%","52.1%","23.5","1.2","97","100","107","97","97","98","98","98","106","94","118","98","101","101","108","94","103","89.3","10.7","109","7.2%","114.9","584","38.5%","1516"
"Athletics","836","2297","75","269","260","12","8.5%","23.4%",".171",".287",".240",".311",".411",".313","100","89.9","-6.9","-7.1","7.1","7.8","28","836","2062","2297","495","300","112","8","75","269","260","196","5","537","23","14","2","43","12","13",".240","637","585","314","55","9308","3482","5826","42","5","0","8.5%","23.4%","0.36",".311",".411",".722",".171",".287","1.09","20.4%","41.5%","38.1%","9.4%","12.8%","6.6%","0.0%",".313","-3.2","265","-0.2","12.9","68.7","-5.8","76.0","7.8","$62.6","3.2","100","-3.41","-41.35","37.94","0.82","0.06","0.96","1.49","36","0.49","-4.04","53.8%","92.4","15.7%","83.9","6.0%","87.6","10.3%","79.1","11.5%","83.4","2.3%","84.6","0.5%","75.1","0.2%","","-5.3","4.6","-0.5","-3.6","10.1","-5.6","-0.5","-0.11","0.31","-0.09","-0.38","0.95","-2.59","-1.07","28.1%","68.9%","45.9%","64.7%","83.3%","76.9%","43.6%","59.9%","10.6%","-6.9","33.1%","12.5%","6.4%","2.8%","","8.0%","14.5%","8.0%","3.1%","0.1%","11.0%","","0.5%","","93.2","91.7","87.5","84.5","","90.1","84.1","78.1","81.7","68.7","83.4","","75.1","-2.3","-2.6","0.2","-5.4","","-2.8","1.3","2.1","2.2","5.7","-1.9","","-0.1","9.4","6.4","5.4","2.8","","4.6","0.9","-5.4","-5.0","-6.6","4.0","","-0.1","0.5","1.1","-4.4","-7.2","","-2.4","-4.1","-3.1","3.8","0.3","8.2","","-0.5","0.02","0.09","-0.74","-2.76","","-0.33","-0.30","-0.41","1.34","5.43","0.81","","-1.19","23.6%","66.0%","45.8%","58.2%","82.9%","76.8%","52.4%","23.2","7.1","-4.1","-0.6","22 - 37","-7.1","7.3","-2.1","40.2%","34.8%","25.0%","15.2%","44.1%","40.7%","35.2%","10.7%","0.1%","10.1%","34.2%","6.9%","3.2%","0.5%","","19.5%","14.9%","0.0%","84.2","69.5","79.9","94.0","88.3","85.0","75.7","","91.9","84.5","69.9","-1.2","6.7","2.8","-1.4","0.7","-4.2","0.9","","-2.7","2.2","0.7","3.4","-7.4","-6.5","9.0","4.9","2.2","-0.7","","5.3","0.2","1.1","11.7","0.3","-1.2","-6.4","-0.8","-7.9","-0.7","","-0.1","-3.9","0.1","1.18","5.43","-0.13","-0.20","-0.12","-2.66","-1.56","","-0.01","-0.28","5.22","23.9%","65.0%","45.8%","57.9%","82.9%","76.9%","53.4%","23.6","-1.5","96","103","107","98","99","103","97","96","98","105","101","98","102","101","87","94","115","89.9","14.4","116","7.5%","114.5","622","40.4%","1541"
"White Sox","812","2097","66","223","217","50","7.5%","24.7%",".170",".302",".245",".309",".415",".313","99","89.3","2.2","-1.4","-17.2","5.2","27","812","1900","2097","466","293","89","18","66","223","217","158","5","518","22","10","7","45","50","11",".245","607","491","283","55","8318","2884","5434","38","18","5","7.5%","24.7%","0.31",".309",".415",".724",".170",".302","1.24","20.5%","44.0%","35.6%","11.2%","13.4%","6.3%","27.8%",".313","-3.0","242","-3.6","-12.0","62.7","-5.2","50.9","5.2","$41.9","5.7","99","-4.07","-38.69","34.62","-29.35","-3.06","0.99","1.13","33","-1.18","-2.93","57.5%","92.4","15.0%","83.9","5.0%","88.2","10.2%","79.4","11.3%","83.9","1.0%","83.9","","","0.2%","","-0.8","-0.2","-5.2","-1.3","0.2","-1.2","","-0.02","-0.02","-1.26","-0.15","0.02","-1.41","","33.5%","67.6%","48.3%","60.1%","84.5%","74.9%","43.4%","62.8%","12.1%","2.2","36.3%","12.6%","5.1%","1.2%","","8.5%","14.9%","8.2%","2.2%","","10.9%","","","","92.8","92.2","87.7","84.4","","90.9","84.0","78.6","81.9","","83.8","","","-2.7","-4.1","0.2","-7.4","","-4.2","1.4","2.8","1.3","","-2.8","","","9.4","6.3","4.4","3.6","","3.9","1.4","-5.4","-5.8","","4.2","","","-11.2","6.8","0.9","0.8","","1.1","-8.0","-2.8","2.5","","-3.1","","","-0.37","0.64","0.22","0.76","","0.15","-0.65","-0.41","1.36","","-0.34","","","28.2%","66.8%","48.3%","54.7%","82.7%","74.8%","52.2%","22.9","-17.2","4.4","-2.3","23 - 36","-1.4","6.6","0.2","41.5%","33.0%","25.5%","19.5%","47.1%","33.4%","35.4%","10.7%","","10.1%","36.9%","5.5%","1.6%","","","20.4%","14.7%","0.1%","84.5","","79.8","93.4","88.3","84.2","","","92.3","84.7","94.6","-2.2","","3.1","-1.9","0.8","-5.3","","","-3.9","2.3","3.2","3.7","","-6.4","9.1","4.2","2.6","","","4.9","0.6","13.6","-0.4","","0.3","-10.9","0.7","-0.5","","","8.1","-8.5","-0.5","-0.04","","0.04","-0.35","0.16","-0.39","","","0.48","-0.69","-4.93","30.5%","65.2%","48.5%","55.2%","83.2%","74.7%","51.9%","23.5","-7.2","98","91","113","97","100","102","103","97","104","98","106","101","96","103","111","100","94","89.3","12.0","112","8.0%","116.7","541","38.7%","1399"
"Twins","801","2129","60","239","228","18","9.4%","22.6%",".164",".290",".241",".314",".404",".311","94","88.4","1.3","-13.0","-1.3","5.8","29","801","1900","2129","457","271","121","5","60","239","228","200","9","482","10","12","7","35","18","8",".241","551","573","299","75","8518","3144","5374","30","14","4","9.4%","22.6%","0.41",".314",".404",".719",".164",".290","0.96","21.0%","38.7%","40.3%","13.1%","10.5%","5.4%","28.6%",".311","-5.8","243","-14.3","4.0","63.7","-5.3","56.1","5.8","$46.2","3.4","94","-3.21","-40.79","37.58","-17.10","-1.70","1.05","1.72","35","-1.01","-2.03","57.0%","92.7","15.9%","83.4","6.1%","88.0","10.0%","79.7","9.3%","83.9","1.7%","84.8","","","0.4%","","-4.7","0.2","-2.7","-4.7","0.2","2.1","","-0.10","0.02","-0.53","-0.56","0.02","1.42","","28.5%","67.6%","45.7%","62.6%","85.3%","77.4%","44.1%","59.1%","10.3%","1.3","37.5%","12.8%","5.8%","1.6%","","7.4%","15.3%","6.9%","3.0%","0.0%","9.7%","","","","93.0","92.4","87.5","84.7","","91.8","83.6","78.4","82.1","68.4","83.8","","","-2.6","-5.0","0.2","-3.3","","-2.5","2.0","2.1","3.1","6.8","-3.9","","","9.4","6.4","4.5","2.7","","4.2","0.8","-5.1","-4.8","-7.5","4.3","","","-8.7","2.4","-4.5","2.0","","1.4","1.4","-2.5","-2.4","0.6","2.8","","","-0.29","0.23","-0.97","1.52","","0.23","0.11","-0.45","-0.96","15.35","0.35","","","26.6%","63.9%","45.5%","59.1%","84.6%","77.2%","50.7%","23.9","-1.3","-0.8","0.8","23 - 41","-13.0","6.7","1.3","43.8%","30.8%","25.4%","17.7%","44.6%","37.7%","34.9%","9.7%","0.0%","9.3%","39.0%","6.2%","1.6%","","","18.4%","15.8%","0.1%","84.4","68.9","80.1","93.6","88.3","85.3","","","92.6","83.8","75.8","-3.5","7.9","2.9","-1.9","0.6","-2.8","","","-4.4","2.6","0.0","3.6","-8.2","-6.3","9.0","4.1","1.8","","","4.8","0.0","14.9","1.1","0.6","-3.9","-2.0","-1.4","2.0","","","-4.6","0.9","0.5","0.14","15.35","-0.51","-0.06","-0.27","1.54","","","-0.31","0.07","9.91","25.2%","63.6%","45.4%","56.6%","84.7%","77.3%","52.6%","24.3","0.5","96","113","104","99","97","98","98","99","91","111","82","107","90","102","100","95","106","88.4","16.0","89","6.2%","114.6","482","33.5%","1437"
"Rockies","842","2222","70","254","243","36","8.8%","23.4%",".162",".292",".242",".314",".404",".311","79","88.8","1.5","-56.8","20.1","3.4","28","842","1985","2222","481","315","81","15","70","254","243","195","12","519","17","11","14","44","36","9",".242","698","461","301","44","8570","3153","5417","39","31","4","8.8%","23.4%","0.38",".314",".404",".718",".162",".292","1.51","20.6%","47.8%","31.6%","9.5%","15.2%","5.6%","12.9%",".311","-7.2","252","-58.3","5.3","66.5","14.8","33.4","3.4","$27.5","5.2","79","-1.41","-38.98","37.57","-27.69","-2.78","0.94","1.00","100","-1.68","0.18","60.4%","92.1","16.4%","83.8","4.2%","89.0","8.1%","79.0","9.9%","83.7","0.9%","85.6","","","0.4%","","-0.5","-11.1","-0.7","2.6","5.3","-2.1","","-0.01","-0.79","-0.19","0.37","0.62","-2.58","","29.8%","69.2%","46.9%","61.0%","84.9%","76.3%","43.4%","59.9%","11.1%","1.5","35.4%","10.9%","5.0%","1.3%","","13.1%","16.4%","6.7%","1.3%","","9.8%","","","","92.6","92.1","89.4","85.4","","90.6","83.8","78.5","80.3","","83.7","","","-1.6","-1.2","0.8","-4.3","","0.1","0.8","2.1","2.2","","-0.9","","","8.3","5.6","5.2","4.1","","5.1","0.9","-5.3","-4.2","","4.0","","","-4.4","1.2","-2.1","-1.7","","-4.7","-9.4","4.6","-2.9","","7.2","","","-0.14","0.13","-0.49","-1.61","","-0.42","-0.67","0.80","-2.62","","0.86","","","25.6%","67.1%","47.0%","53.8%","84.4%","76.3%","51.5%","23.8","20.1","2.3","0.9","23 - 35","-56.8","3.6","-1.7","38.0%","35.4%","26.6%","20.1%","48.6%","31.3%","35.3%","9.9%","","8.0%","39.1%","4.9%","1.0%","","","20.7%","16.4%","0.0%","84.5","","79.5","93.2","89.9","84.7","","","91.8","84.4","77.6","-1.2","","2.3","-1.0","0.9","-3.2","","","-1.3","0.9","-3.3","3.9","","-5.5","8.3","5.1","2.2","","","5.1","0.8","5.4","4.8","","-0.6","-6.5","-3.6","-2.9","","","-0.5","-5.3","-0.1","0.56","","-0.09","-0.19","-0.85","-3.55","","","-0.03","-0.38","-1.50","26.7%","65.9%","47.0%","55.6%","84.2%","76.3%","51.7%","24.4","5.1","95","98","108","96","97","99","97","94","111","90","119","94","102","106","112","105","87","88.8","8.8","86","5.8%","118.3","536","35.9%","1491"
"Blue Jays","864","2235","73","270","254","22","9.5%","23.5%",".178",".272",".229",".309",".407",".310","95","90.0","-7.5","-21.2","-16.1","3.8","29","864","1983","2235","454","257","114","10","73","270","254","213","9","525","24","14","1","39","22","9",".229","629","541","302","63","8704","3235","5469","39","1","0","9.5%","23.5%","0.41",".309",".407",".716",".178",".272","1.16","20.5%","42.7%","36.8%","11.6%","13.5%","6.2%","0.0%",".310","-8.2","253","-13.7","-10.3","66.9","-5.8","36.6","3.8","$30.1","4.3","95","-1.43","-42.44","41.00","-0.67","-0.01","1.05","1.62","39","-1.22","-0.15","50.8%","92.9","18.5%","84.4","5.6%","88.5","10.2%","79.6","12.6%","84.4","2.0%","84.6","0.2%","76.5","0.4%","","13.5","-12.5","-2.5","1.7","-4.4","2.5","-0.6","0.30","-0.77","-0.50","0.19","-0.40","1.48","-3.14","30.2%","66.2%","45.5%","60.5%","83.8%","74.9%","42.5%","58.2%","11.4%","-7.5","34.8%","11.5%","5.9%","1.8%","","4.7%","18.3%","6.8%","3.5%","","12.6%","","0.2%","","93.2","92.0","88.2","84.3","","92.2","84.5","78.6","80.8","","84.3","","77.0","-1.9","-3.1","0.6","-5.8","","-2.8","0.9","2.8","3.3","","0.4","","-1.2","9.4","6.4","5.7","2.5","","3.8","0.8","-5.5","-5.7","","4.0","","0.7","22.5","-3.3","-1.5","-0.9","","-8.2","-9.7","7.4","-3.5","","-5.2","","-0.6","0.75","-0.33","-0.29","-0.56","","-2.01","-0.61","1.25","-1.14","","-0.47","","-3.43","26.1%","64.0%","45.5%","55.5%","82.4%","74.9%","51.3%","23.1","-16.1","-0.4","-6.6","22 - 37","-21.2","7.1","-0.4","43.0%","32.7%","24.3%","17.7%","47.0%","35.4%","36.3%","12.6%","","10.5%","35.2%","6.6%","1.9%","0.2%","","15.4%","17.5%","0.0%","85.0","","80.2","93.8","88.9","84.8","77.0","","92.7","85.0","90.2","0.5","","3.4","-1.3","0.9","-5.3","-0.2","","-3.2","1.5","-8.9","3.5","","-6.2","9.1","5.2","1.4","0.1","","5.4","0.3","-0.5","-4.1","","-0.2","18.4","-0.4","2.5","-0.6","","-13.3","-9.9","0.1","-0.37","","-0.02","0.60","-0.07","1.51","-3.14","","-0.99","-0.65","4.89","27.5%","62.8%","45.6%","55.4%","83.0%","74.9%","51.5%","23.4","6.3","92","115","108","97","98","107","93","97","101","101","106","105","96","98","100","100","100","90.0","13.2","122","8.3%","115.5","632","42.9%","1473"
"Nationals","854","2255","76","252","240","46","9.7%","21.4%",".170",".271",".235",".315",".404",".310","90","88.7","2.4","-24.6","15.2","6.4","29","854","1988","2255","467","289","95","7","76","252","240","219","23","483","20","14","14","38","46","11",".235","686","501","310","48","8724","3153","5571","33","36","9","9.7%","21.4%","0.45",".315",".404",".719",".170",".271","1.37","20.7%","45.8%","33.5%","9.6%","15.2%","4.8%","25.0%",".310","-8.6","255","-27.0","-2.0","67.5","17.2","61.7","6.4","$50.8","4.6","90","-1.94","-41.03","39.09","-4.36","-0.27","1.02","1.35","88","0.00","-1.90","53.8%","92.6","17.1%","84.2","6.3%","89.2","10.6%","78.9","10.8%","84.5","1.5%","85.2","","","1.0%","","4.1","-9.3","-5.1","9.5","-3.6","-3.2","","0.09","-0.63","-0.93","1.02","-0.38","-2.52","","30.7%","67.7%","46.5%","63.6%","84.7%","76.7%","42.6%","62.8%","10.8%","2.4","33.9%","9.9%","6.5%","2.0%","","9.5%","17.6%","7.2%","3.2%","","10.2%","","","","92.8","92.7","89.6","84.9","","91.6","84.3","77.5","81.0","","84.4","","","-2.2","-3.1","0.6","-4.4","","-2.2","1.2","1.7","2.1","","-1.9","","","9.1","6.4","5.7","2.8","","4.3","1.4","-5.7","-5.4","","4.1","","","0.1","0.5","-5.9","-3.4","","3.3","-14.8","8.1","2.6","","-4.0","","","0.00","0.06","-1.04","-1.96","","0.39","-0.96","1.29","0.92","","-0.45","","","26.7%","66.2%","46.5%","59.7%","83.6%","76.8%","50.2%","23.0","15.2","3.5","-1.9","19 - 37","-24.6","3.7","0.8","39.9%","35.7%","24.3%","19.5%","46.1%","34.4%","34.5%","10.4%","","10.1%","34.3%","6.8%","1.6%","0.0%","","18.9%","17.8%","0.0%","85.2","","79.0","93.6","89.9","84.6","77.9","","92.6","85.0","91.2","-1.9","","2.2","-1.6","1.0","-3.4","-2.8","","-2.8","1.6","5.9","3.5","","-6.6","8.8","5.3","2.2","-7.9","","4.9","0.8","10.9","-4.1","","11.1","0.9","-4.2","-1.4","0.0","","0.5","-14.8","0.0","-0.46","","1.27","0.03","-0.70","-0.96","0.00","","0.03","-0.96","3.61","27.7%","64.9%","46.5%","59.8%","84.0%","76.9%","50.6%","23.7","-1.2","93","108","99","96","97","104","90","95","106","96","118","99","103","97","109","100","96","88.7","10.7","107","7.0%","115.1","572","37.3%","1533"
"Reds","884","2320","59","245","236","26","9.1%","21.4%",".138",".296",".247",".323",".384",".309","89","87.9","-0.3","-31.4","3.5","4.7","27","884","2047","2320","505","347","93","6","59","245","236","211","10","496","25","13","24","55","26","7",".247","659","509","372","46","8719","3190","5529","47","48","12","9.1%","21.4%","0.43",".323",".384",".707",".138",".296","1.29","24.2%","42.8%","33.1%","9.0%","11.6%","7.1%","25.0%",".309","-10.2","261","-31.1","-10.6","69.4","14.1","45.3","4.7","$37.3","3.9","89","-5.62","-44.28","38.66","-21.48","-2.17","1.05","1.25","89","-1.49","-3.86","57.5%","92.6","13.3%","83.4","6.0%","88.9","11.9%","78.0","10.0%","84.3","1.3%","86.7","","","0.4%","","-25.1","4.5","8.4","-3.8","-2.2","-0.7","","-0.50","0.39","1.59","-0.37","-0.25","-0.64","","28.8%","67.7%","45.7%","66.2%","87.4%","79.8%","43.5%","60.9%","9.2%","-0.3","38.2%","10.9%","6.0%","1.5%","0.0%","8.4%","13.3%","8.9%","3.2%","","9.6%","","","","92.9","92.3","89.1","85.8","86.3","91.1","83.5","77.4","79.5","","84.3","","","-1.8","-4.8","0.1","-3.2","-6.7","-2.9","1.0","1.4","4.1","","-4.1","","","9.3","6.5","5.2","2.6","7.3","4.8","1.1","-5.7","-6.6","","4.6","","","-10.6","-4.6","5.1","-3.2","0.1","-6.2","2.5","1.8","-5.3","","-2.0","","","-0.32","-0.49","0.98","-2.41","5.56","-0.84","0.21","0.23","-1.92","","-0.24","","","25.5%","65.0%","45.8%","62.7%","86.0%","79.7%","51.3%","22.7","3.5","1.0","0.3","23 - 34","-31.4","3.8","-1.6","38.4%","35.1%","26.6%","17.2%","47.5%","35.3%","33.0%","9.6%","","12.1%","40.2%","5.7%","1.5%","","","17.5%","13.3%","0.1%","85.1","","78.6","93.6","89.4","86.5","","","92.5","84.6","87.4","-3.5","","2.5","-1.1","0.8","-2.9","","","-4.2","1.8","5.5","3.9","","-6.6","8.8","4.7","1.4","","","5.1","0.5","6.8","0.3","","-4.0","-10.1","7.9","-4.2","","","-13.0","0.9","-1.6","0.03","","-0.38","-0.29","1.61","-3.29","","","-0.85","0.08","-12.39","25.6%","64.2%","45.9%","60.9%","86.4%","79.7%","52.6%","23.1","-8.6","97","101","99","99","92","84","99","111","99","95","91","95","101","106","96","103","98","87.9","12.7","85","5.4%","114.1","538","33.9%","1588"
"Royals","798","2261","53","236","221","29","7.3%","18.8%",".135",".296",".255",".318",".390",".309","92","88.2","-9.0","-31.6","-1.1","4.3","28","798","2039","2261","520","357","103","7","53","236","221","166","6","424","30","17","9","61","29","10",".255","686","576","351","66","8514","3025","5489","37","27","6","7.3%","18.8%","0.39",".318",".390",".708",".135",".296","1.19","21.8%","42.5%","35.7%","11.5%","9.2%","5.4%","22.2%",".309","-11.3","253","-22.6","5.0","67.7","-6.1","42.1","4.3","$34.7","4.0","92","-5.30","-45.40","40.10","-48.03","-4.73","1.08","1.57","18","-3.56","-1.34","52.7%","92.3","18.8%","84.0","6.1%","88.1","9.4%","78.5","12.0%","84.2","0.9%","85.2","","","0.2%","","-3.3","-20.2","-4.0","3.1","2.2","-1.2","","-0.07","-1.26","-0.76","0.39","0.21","-1.58","","33.5%","68.6%","48.4%","63.3%","87.7%","78.0%","42.5%","60.8%","10.7%","-9.0","33.8%","12.3%","5.6%","0.7%","","6.5%","18.7%","7.2%","2.8%","0.0%","12.3%","","","","92.6","92.2","88.0","82.7","","91.3","84.0","77.7","79.8","67.4","84.3","","","-2.0","-4.0","1.0","-4.2","","-1.0","1.3","1.4","2.1","7.6","-2.4","","","8.9","6.2","3.7","1.9","","4.6","1.1","-4.7","-6.9","-8.4","3.6","","","-15.8","1.2","-1.7","2.6","","7.7","-20.5","7.6","-5.3","-0.2","-2.7","","","-0.55","0.11","-0.37","4.22","","1.38","-1.29","1.24","-2.19","-18.01","-0.26","","","29.3%","67.1%","48.5%","57.5%","86.6%","77.9%","50.7%","23.2","-1.1","0.4","-6.0","22 - 36","-31.6","7.2","-3.5","40.2%","32.9%","26.9%","16.7%","45.7%","37.6%","28.4%","11.6%","0.0%","9.4%","34.5%","6.3%","1.0%","","","18.5%","18.7%","0.1%","85.0","68.4","78.8","93.2","88.1","83.7","","","92.3","84.7","79.8","-1.9","9.6","1.9","-1.4","1.5","-3.8","","","-3.4","2.0","-2.0","3.2","-9.0","-6.5","8.8","4.1","1.7","","","5.4","0.6","3.5","-2.0","-0.2","-0.1","-15.9","-6.2","1.4","","","8.7","-14.6","0.6","-0.20","-18.01","-0.01","-0.54","-1.16","1.71","","","0.55","-0.92","11.30","29.8%","66.3%","48.4%","57.0%","86.9%","77.9%","51.1%","23.7","-4.9","102","88","86","100","94","81","101","103","100","98","72","98","96","109","95","97","106","88.2","13.7","99","6.0%","114.1","568","34.6%","1641"
"Cardinals","851","2182","69","245","235","24","8.8%","23.0%",".150",".285",".239",".314",".389",".307","92","88.9","1.9","-18.3","16.3","6.9","27","851","1921","2182","459","311","77","2","69","245","235","193","9","502","26","17","24","41","24","19",".239","639","478","306","44","8611","3235","5376","63","37","5","8.8%","23.0%","0.38",".314",".389",".703",".150",".285","1.34","21.5%","44.9%","33.6%","9.2%","14.4%","9.9%","13.5%",".307","-14.5","240","-20.2","2.5","65.3","13.8","66.8","6.9","$55.0","3.1","92","2.31","-38.36","40.67","3.05","0.27","1.02","1.46","86","0.88","1.37","59.9%","92.7","17.2%","84.4","4.7%","88.3","8.2%","78.9","8.6%","84.7","1.4%","85.8","","","0.4%","","-5.2","-6.6","-5.5","3.0","6.7","-4.3","","-0.10","-0.44","-1.37","0.42","0.90","-3.58","","28.5%","64.4%","43.9%","61.4%","85.8%","76.8%","42.9%","59.6%","10.2%","1.9","38.7%","12.0%","4.7%","1.8%","","9.2%","17.0%","6.4%","1.8%","0.1%","8.3%","","","","92.8","92.3","88.3","86.1","","92.6","84.4","78.8","79.2","67.3","84.6","","","-2.6","-5.7","0.4","-5.8","","-4.6","1.6","2.8","4.1","8.1","-3.3","","","9.1","5.6","4.8","3.8","","5.3","1.0","-5.2","-5.1","-7.5","4.4","","","1.1","-1.9","-2.2","-3.9","","-7.3","-12.2","4.8","-2.2","-0.3","4.8","","","0.03","-0.18","-0.54","-2.51","","-0.93","-0.84","0.88","-1.39","-5.91","0.68","","","24.3%","62.6%","43.9%","56.1%","84.4%","76.8%","51.3%","22.7","16.3","-4.2","3.5","21 - 36","-18.3","3.5","2.5","41.4%","33.2%","25.5%","18.4%","44.6%","37.1%","35.0%","8.4%","0.0%","8.5%","38.3%","4.0%","1.7%","","","20.7%","17.9%","0.4%","85.3","67.9","80.3","93.5","88.8","86.8","","","93.1","85.1","90.2","-2.9","9.2","3.2","-2.0","1.2","-4.9","","","-4.6","2.3","-5.0","3.6","-9.2","-5.5","8.7","4.3","2.5","","","5.0","0.4","2.8","4.9","-0.1","4.5","3.8","-0.5","-4.1","","","-9.2","-15.3","-1.1","0.67","-2.50","0.61","0.11","-0.14","-2.77","","","-0.52","-0.99","-3.09","25.5%","61.1%","44.1%","55.3%","85.1%","76.9%","52.2%","23.0","-1.2","94","99","107","96","93","92","95","98","104","96","113","103","95","102","102","97","103","88.9","11.0","117","8.0%","117.2","538","36.8%","1461"
"Phillies","822","2140","60","239","229","24","10.0%","25.8%",".152",".294",".233",".314",".385",".305","88","88.7","1.6","-28.8","-0.5","3.9","26","822","1887","2140","439","281","89","9","60","239","229","214","11","552","15","12","10","43","24","11",".233","587","496","252","59","8622","3155","5467","42","22","8","10.0%","25.8%","0.39",".314",".385",".699",".152",".294","1.18","18.9%","44.0%","37.2%","11.9%","12.1%","7.2%","36.4%",".305","-17.5","233","-30.4","-14.2","64.0","13.6","38.2","3.9","$31.4","4.1","88","-1.05","-36.38","35.33","1.62","0.09","0.97","1.16","82","-0.77","-0.31","56.1%","92.7","15.9%","84.2","5.5%","89.3","9.1%","78.6","12.8%","84.3","0.5%","84.8","","","0.5%","","5.5","-9.1","-8.2","8.1","-17.5","-1.4","","0.11","-0.66","-1.72","1.03","-1.58","-2.94","","28.5%","65.6%","45.0%","55.4%","84.0%","74.0%","44.5%","60.1%","11.7%","1.6","34.5%","10.3%","5.9%","0.9%","0.1%","10.9%","16.0%","7.6%","1.3%","0.0%","12.6%","","","","92.9","92.9","89.3","84.6","86.0","92.1","84.2","78.0","80.5","67.7","84.3","","","-2.0","-5.8","0.2","-1.5","-7.6","-3.4","1.5","2.8","1.8","6.7","-2.8","","","9.3","6.6","5.3","3.9","5.3","4.3","1.6","-5.8","-4.7","-5.5","4.4","","","2.4","10.3","-11.0","-1.4","-0.1","-5.2","-9.1","6.5","0.6","-0.2","-17.4","","","0.08","1.18","-2.19","-1.69","-1.19","-0.56","-0.66","1.00","0.56","-10.57","-1.61","","","24.1%","64.4%","45.0%","50.6%","81.8%","73.8%","52.0%","23.9","-0.5","-0.9","1.4","23 - 32","-28.8","3.5","1.1","39.6%","36.5%","23.9%","20.6%","49.4%","29.9%","38.6%","12.3%","0.0%","9.3%","37.9%","5.2%","1.0%","","","17.9%","16.3%","0.0%","84.9","69.3","79.2","93.6","89.6","85.1","","","92.9","85.2","91.0","-2.3","7.5","3.0","-1.3","1.1","-1.6","","","-5.0","2.1","10.0","3.7","-7.4","-6.3","8.6","5.1","3.0","","","4.4","1.0","12.1","-16.7","-0.3","8.7","0.2","-6.5","-2.4","","","4.4","-14.7","-0.3","-1.57","-9.14","1.09","0.01","-1.46","-2.68","","","0.29","-1.04","-30.69","25.8%","62.9%","45.0%","52.3%","82.0%","73.8%","51.9%","24.7","3.0","92","111","120","96","92","93","98","86","102","106","94","99","105","95","115","107","83","88.7","12.9","94","6.9%","116.6","491","36.1%","1359"
"Mets","861","2189","59","230","226","25","9.4%","22.2%",".147",".283",".236",".314",".383",".304","94","88.6","1.9","-15.2","-1.2","5.4","28","861","1939","2189","458","301","88","10","59","230","226","205","12","485","22","16","7","44","25","13",".236","606","541","310","68","8507","3091","5416","32","19","6","9.4%","22.2%","0.42",".314",".383",".697",".147",".283","1.12","21.3%","41.6%","37.1%","12.6%","10.9%","5.3%","31.6%",".304","-19.6","236","-17.1","-14.0","65.5","12.9","52.6","5.4","$43.4","4.0","94","0.03","-39.52","39.55","-5.22","-0.60","1.04","1.49","112","-1.01","1.04","56.7%","92.3","13.8%","82.6","6.5%","88.8","10.2%","77.9","11.6%","84.3","1.2%","85.2","","","0.6%","","-2.7","-8.3","-4.1","4.3","-15.4","3.3","","-0.06","-0.71","-0.74","0.50","-1.56","3.31","","30.8%","67.7%","46.7%","63.1%","83.8%","76.0%","43.0%","60.2%","11.2%","1.9","35.0%","14.3%","5.7%","1.4%","0.1%","7.5%","14.5%","8.1%","2.0%","","11.3%","","","","92.6","91.8","89.2","85.5","86.0","91.6","82.8","77.2","79.7","","84.2","","","-1.6","-4.9","0.3","-2.9","-8.1","-2.7","1.9","2.1","4.0","","-3.7","","","8.9","5.6","5.3","2.5","6.2","4.7","0.8","-5.7","-6.3","","4.0","","","-15.0","12.1","-2.4","3.2","-0.1","-4.0","-11.8","-0.5","5.1","","-14.9","","","-0.51","1.00","-0.50","2.59","-1.34","-0.64","-0.96","-0.08","2.93","","-1.55","","","25.4%","66.4%","46.7%","57.2%","82.5%","75.9%","52.1%","22.0","-1.2","-1.5","3.4","22 - 37","-15.2","3.6","0.0","41.1%","35.5%","23.4%","18.4%","46.7%","34.8%","34.2%","11.4%","","9.9%","36.8%","5.4%","1.4%","","","19.9%","15.2%","","84.9","","78.3","93.4","89.6","86.2","","","92.2","83.6","","-3.4","","3.0","-1.3","0.7","-2.9","","","-3.9","2.3","","3.5","","-6.8","8.7","5.1","2.1","","","4.8","0.6","","-14.5","","5.4","-14.2","-3.0","2.2","","","6.1","-10.4","","-1.50","","0.64","-0.45","-0.66","1.83","","","0.36","-0.80","","27.1%","65.0%","46.7%","57.7%","83.0%","75.9%","51.6%","22.6","-0.6","93","104","103","96","92","90","94","97","96","106","85","102","102","93","103","101","97","88.6","13.6","90","6.1%","115.1","527","35.7%","1477"
"Rangers","858","2334","68","255","241","29","9.0%","25.8%",".160",".286",".228",".306",".388",".302","80","88.5","2.5","-53.3","-6.5","1.8","29","858","2067","2334","471","288","104","11","68","255","241","209","10","603","31","14","13","43","29","13",".228","638","509","310","54","9339","3437","5902","38","34","8","9.0%","25.8%","0.35",".306",".388",".694",".160",".286","1.25","21.3%","43.8%","34.9%","10.6%","13.4%","6.0%","23.5%",".302","-24.1","249","-55.8","0.6","69.8","-7.1","17.5","1.8","$14.4","4.3","80","-2.94","-42.47","39.52","-43.05","-4.23","1.02","2.04","15","-2.87","-0.02","54.1%","92.8","17.0%","84.2","5.9%","88.0","10.5%","79.2","11.2%","83.8","1.3%","84.9","","","0.3%","","-19.8","-9.0","0.1","2.9","-2.1","3.3","","-0.39","-0.56","0.02","0.30","-0.20","2.64","","30.5%","63.3%","44.5%","60.1%","83.6%","74.4%","42.8%","59.4%","11.4%","2.5","34.3%","11.2%","6.1%","1.4%","","8.2%","16.3%","8.3%","2.9%","0.0%","11.2%","","","","93.2","91.9","87.9","84.1","","91.7","84.6","78.0","82.0","69.3","83.9","","","-2.2","-2.0","0.5","-3.8","","-3.7","1.2","2.2","3.8","7.8","-3.1","","","9.4","5.7","4.4","2.2","","4.7","1.1","-5.5","-5.2","-8.9","3.8","","","-27.2","-2.3","0.5","1.7","","1.0","-5.2","2.8","-1.8","-0.2","-2.9","","","-0.85","-0.22","0.09","1.26","","0.13","-0.34","0.36","-0.65","-7.88","-0.28","","","26.8%","61.6%","44.6%","55.0%","82.5%","74.4%","51.0%","23.8","-6.5","-0.8","2.2","22 - 45","-53.3","7.4","1.0","41.8%","32.4%","25.8%","17.0%","47.8%","35.2%","37.7%","11.1%","0.0%","11.1%","36.0%","6.7%","1.4%","","","17.7%","16.1%","","84.4","69.8","79.7","93.9","88.4","85.6","","","92.2","85.1","","-2.8","8.9","3.3","-1.6","0.9","-3.4","","","-2.7","1.8","","3.1","-10.2","-6.4","9.0","4.4","1.3","","","4.6","0.3","","-3.2","-0.2","4.9","-32.2","3.0","3.5","","","4.1","-12.8","","-0.31","-7.88","0.47","-0.96","0.48","2.64","","","0.25","-0.85","","26.7%","61.4%","44.5%","53.4%","83.1%","74.4%","51.3%","24.3","-11.5","91","108","119","96","93","96","97","100","103","96","105","102","95","104","97","102","99","88.5","12.0","96","6.4%","117.3","523","35.1%","1491"
"Orioles","815","2168","68","215","212","17","7.4%","24.7%",".157",".281",".231",".294",".388",".295","83","89.5","-4.6","-49.2","-30.2","-0.8","28","815","1977","2168","457","289","94","6","68","215","212","161","11","535","18","9","3","42","17","5",".231","627","544","271","63","8457","3050","5407","32","12","4","7.4%","24.7%","0.30",".294",".388",".682",".157",".281","1.15","18.8%","43.5%","37.7%","11.6%","12.5%","5.1%","33.3%",".295","-34.9","218","-44.6","-21.2","64.9","-9.0","-7.7","-0.8","($6.3)","3.5","83","-7.91","-39.50","31.59","-54.50","-5.49","0.96","1.69","42","-5.41","-2.87","50.4%","92.5","17.2%","83.8","6.0%","88.1","10.4%","79.1","12.8%","84.1","2.4%","85.4","0.8%","75.8","0.5%","","-4.5","-4.9","-3.5","-7.5","-17.6","-1.7","0.2","-0.11","-0.33","-0.70","-0.85","-1.62","-0.88","0.26","33.1%","69.2%","48.2%","57.7%","83.6%","73.3%","41.8%","59.1%","12.9%","-4.6","33.5%","11.9%","5.0%","2.5%","","4.7%","17.9%","7.8%","3.0%","0.0%","13.0%","","0.7%","","92.7","92.2","88.3","84.6","","91.8","84.0","78.5","80.1","69.2","84.2","","76.4","-1.8","-3.0","1.0","-4.4","","-0.9","1.7","2.9","3.5","7.5","-1.6","","-2.2","9.9","6.5","5.1","2.9","","5.5","1.4","-4.3","-6.7","-8.7","4.5","","-0.1","6.2","-11.8","1.5","-3.8","","-2.7","-11.8","-7.7","0.6","0.1","-14.3","","-0.2","0.22","-1.18","0.35","-1.83","","-0.68","-0.78","-1.17","0.23","2.50","-1.30","","-0.32","29.0%","67.8%","48.1%","52.0%","82.4%","73.2%","49.4%","23.4","-30.2","0.2","-2.4","23 - 35","-49.2","6.9","-2.4","41.2%","34.9%","23.9%","18.2%","50.3%","31.6%","35.2%","12.5%","0.1%","10.5%","33.9%","5.7%","2.7%","0.8%","","16.5%","17.5%","0.0%","85.0","71.0","79.8","93.4","88.8","85.1","76.2","","92.7","84.6","82.5","-1.5","9.0","3.6","-1.2","1.7","-4.0","-1.4","","-2.4","2.4","11.2","3.9","-9.2","-6.4","9.4","4.7","1.6","-0.5","","5.5","0.7","16.3","-18.1","0.1","-10.1","6.9","1.3","-1.8","0.2","","-14.4","-8.5","-0.2","-1.72","1.22","-1.14","0.24","0.28","-0.78","0.26","","-1.04","-0.58","-9.50","29.7%","66.5%","48.2%","51.4%","82.7%","73.1%","50.3%","23.7","-3.5","93","89","113","92","93","94","96","89","103","104","98","100","102","96","103","107","89","89.5","12.8","112","7.7%","115.9","550","37.8%","1454"
"Diamondbacks","843","2136","65","230","221","35","9.6%","25.0%",".166",".264",".217",".295",".383",".294","81","88.6","2.4","-46.6","32.0","5.4","29","843","1892","2136","410","245","80","20","65","230","221","205","9","534","11","14","14","33","35","14",".217","580","490","283","52","8463","3099","5364","35","33","6","9.6%","25.0%","0.38",".295",".383",".678",".166",".264","1.18","20.9%","42.9%","36.2%","10.6%","13.3%","6.0%","18.2%",".294","-35.5","214","-49.0","17.3","63.9","14.7","52.8","5.4","$43.5","5.3","81","-1.44","-39.66","38.23","-18.70","-1.91","1.03","1.31","92","-1.56","0.16","58.1%","92.8","17.0%","84.8","3.1%","88.5","10.7%","78.2","10.5%","84.2","0.6%","85.0","","","0.4%","","-29.5","-6.8","2.0","-1.4","7.3","-0.2","","-0.60","-0.47","0.77","-0.15","0.82","-0.47","","27.5%","66.0%","44.6%","62.2%","84.4%","76.8%","44.4%","61.2%","10.4%","2.4","36.9%","11.1%","3.8%","0.7%","","9.1%","17.7%","7.4%","3.0%","0.0%","10.2%","","","","93.1","92.1","89.6","85.6","","92.2","84.8","77.2","80.4","63.8","84.1","","","-2.3","-3.5","1.5","-5.4","","-0.6","1.2","1.6","2.5","-3.5","-2.3","","","9.3","6.5","6.3","3.2","","5.4","1.6","-6.5","-4.8","3.1","4.0","","","-22.1","-3.2","5.6","-0.1","","-7.8","-12.7","7.3","-6.4","0.0","7.2","","","-0.71","-0.35","1.73","-0.16","","-1.01","-0.85","1.16","-2.53","3.61","0.84","","","24.5%","63.5%","44.5%","56.9%","83.9%","76.7%","51.4%","23.9","32.0","0.2","1.6","24 - 37","-46.6","3.5","0.5","39.4%","33.6%","27.0%","17.8%","45.2%","36.9%","37.6%","10.5%","","9.8%","38.8%","4.4%","0.6%","","","18.2%","17.7%","0.1%","84.7","","78.2","93.6","90.0","86.0","","","92.8","85.2","79.7","-1.8","","2.5","-1.7","1.9","-6.6","","","-2.6","1.6","-1.2","3.3","","-7.2","8.8","5.3","1.3","","","5.3","0.8","-0.9","7.5","","-0.1","-23.6","4.7","0.4","","","-10.1","-13.1","0.1","0.85","","-0.01","-0.72","1.26","0.70","","","-0.65","-0.88","1.96","24.1%","62.8%","44.6%","54.6%","84.2%","76.7%","53.0%","24.4","9.8","85","107","116","90","92","102","88","96","99","104","104","98","97","108","99","98","103","88.6","11.7","110","7.9%","114.8","486","35.1%","1386"
"Padres","872","2242","53","238","222","38","7.9%","25.7%",".137",".295",".231",".297",".369",".290","82","88.8","-3.7","-54.2","0.2","1.7","27","872","2026","2242","469","309","95","12","53","238","222","178","10","577","15","12","11","44","38","17",".231","695","445","298","50","8869","3171","5698","50","34","8","7.9%","25.7%","0.31",".297",".369",".665",".137",".295","1.56","20.7%","48.3%","30.9%","11.2%","11.9%","7.2%","23.5%",".290","-45.7","216","-50.5","-13.9","67.1","14.2","16.8","1.7","$13.8","4.8","82","-1.86","-37.51","35.65","-19.30","-1.94","0.93","1.23","87","-3.21","1.22","57.3%","92.7","13.2%","84.5","7.0%","89.1","12.1%","79.0","10.0%","84.1","0.5%","86.0","","","0.5%","","-12.4","-22.8","-2.5","-7.3","-3.7","0.8","","-0.24","-1.95","-0.41","-0.68","-0.42","1.82","","29.3%","66.7%","46.0%","60.1%","82.9%","74.8%","44.6%","59.9%","11.6%","-3.7","36.7%","11.6%","6.9%","0.8%","","8.5%","14.0%","6.8%","4.9%","0.0%","9.8%","","","","93.1","92.4","89.6","86.2","","91.7","84.5","77.6","80.8","62.2","84.0","","","-2.3","-3.7","0.7","-6.1","","-2.2","1.6","2.3","1.7","8.3","-2.1","","","9.0","6.5","5.1","3.3","","5.2","1.6","-5.8","-5.0","-7.4","4.6","","","-13.8","-7.0","-0.7","-0.2","","5.0","-24.3","-4.5","-4.4","0.1","-3.0","","","-0.45","-0.72","-0.13","-0.23","","0.70","-2.07","-0.78","-1.06","4.29","-0.36","","","26.0%","64.2%","46.1%","53.2%","82.6%","74.8%","52.7%","21.9","0.2","-0.5","-2.3","22 - 37","-54.2","3.6","-0.8","38.2%","34.8%","27.0%","20.4%","44.0%","35.5%","36.0%","9.6%","","11.0%","40.0%","7.5%","0.6%","","","17.0%","14.1%","0.0%","84.8","","79.3","93.7","90.0","85.7","","","92.7","84.9","46.0","-1.5","","2.9","-1.3","1.1","-5.0","","","-3.7","2.3","-6.1","4.0","","-6.4","8.8","4.7","2.2","","","5.3","0.9","30.7","-4.8","","-7.8","-17.8","-0.4","1.0","","","3.6","-24.7","0.0","-0.60","","-0.84","-0.53","-0.06","1.93","","","0.25","-2.08","3.61","26.8%","63.3%","46.1%","53.3%","82.8%","74.8%","53.1%","22.6","0.2","91","88","119","91","88","84","98","95","112","89","93","95","100","108","114","95","99","88.8","8.3","78","5.3%","116.9","493","33.5%","1472"
"Marlins","881","2214","43","196","184","12","7.5%","23.1%",".113",".292",".233",".299",".347",".284","79","87.9","-7.1","-63.7","18.4","2.5","28","881","2002","2214","467","335","80","9","43","196","184","165","11","512","27","7","11","48","12","10",".233","710","448","326","52","8734","3099","5635","47","24","3","7.5%","23.1%","0.32",".299",".347",".646",".113",".292","1.58","22.0%","47.8%","30.2%","11.6%","9.6%","6.6%","12.5%",".284","-55.7","203","-56.6","6.9","66.2","11.5","24.5","2.5","$20.2","3.2","79","-4.54","-38.37","33.83","-47.37","-5.13","0.98","1.06","100","-3.90","-0.72","57.5%","92.8","17.9%","84.4","4.1%","89.7","10.8%","78.9","8.6%","84.7","1.1%","86.1","","","0.4%","","-16.1","-19.7","6.0","-16.4","-12.6","-2.3","","-0.32","-1.26","1.67","-1.73","-1.68","-2.36","","30.2%","63.9%","45.1%","62.6%","86.2%","77.4%","44.3%","60.4%","10.2%","-7.1","36.7%","10.5%","4.6%","1.4%","","9.7%","17.8%","8.2%","2.6%","0.0%","8.4%","","","","93.0","92.8","89.8","86.4","","91.8","84.4","78.4","80.3","67.0","84.7","","","-2.0","-5.2","0.7","-3.6","","-5.8","1.6","2.1","3.1","7.4","-2.0","","","9.6","6.5","5.9","3.0","","5.4","1.4","-5.4","-5.7","-6.8","4.6","","","-25.6","-0.8","8.5","-5.0","","4.9","-22.1","-11.1","-4.3","-0.9","-10.7","","","-0.80","-0.09","2.13","-4.17","","0.58","-1.43","-1.55","-1.87","-31.11","-1.46","","","25.6%","63.0%","45.2%","56.8%","84.9%","77.3%","52.5%","22.6","18.4","-2.9","-3.6","22 - 38","-63.7","3.6","-0.6","39.3%","35.5%","25.2%","20.8%","46.7%","32.6%","32.5%","8.4%","0.1%","10.2%","37.2%","4.7%","1.2%","","","19.7%","18.4%","0.1%","85.3","68.9","79.2","93.6","90.0","86.5","","","92.9","85.1","86.7","-1.8","7.1","3.1","-1.5","1.5","-2.3","","","-5.0","2.3","7.7","3.8","-8.5","-6.8","9.0","5.3","1.6","","","5.2","0.5","-10.1","-11.1","-1.1","-14.3","-22.2","1.8","-5.7","","","0.8","-16.3","0.6","-1.53","-14.26","-1.62","-0.69","0.45","-5.52","","","0.04","-1.02","4.70","27.4%","61.4%","45.2%","58.2%","85.0%","77.3%","52.5%","23.1","2.5","92","83","107","92","83","69","97","101","111","87","75","98","102","101","116","101","91","87.9","8.9","79","5.2%","115.5","503","33.3%","1510"
